cutoff,approval_rate,bad_rate,profit_per_applicant
0.005,0.010633333333333333,0.003134796238244514,0.001252
0.01,0.29523333333333335,0.007225922998758044,0.033892
0.015,0.43696666666666667,0.008772598977801511,0.04967600000000001
0.02,0.43856666666666666,0.008816599528767956,0.04984400000000002
0.025,0.5472666666666667,0.01321720063345109,0.06046400000000002
0.03,0.5472666666666667,0.01321720063345109,0.06046400000000002
0.035,0.5770666666666666,0.014498613678373382,0.063224
0.04,0.6209,0.016320395125355665,0.06721200000000001
0.045,0.6209,0.016320395125355665,0.06721200000000001
0.05,0.6882333333333334,0.02000290599118516,0.072676
0.055,0.711,0.0213314580403188,0.07440000000000002
0.06,0.711,0.0213314580403188,0.07440000000000002
0.065,0.7117666666666667,0.021308481243853324,0.074492
0.07,0.7118,0.021307483375480003,0.07449600000000002
0.075,0.7118,0.021307483375480003,0.07449600000000002
0.08,0.7459666666666667,0.024040395013182,0.07660399999999999
0.085,0.7771333333333333,0.026164536330102083,0.07861600000000002
0.09,0.7771333333333333,0.026164536330102083,0.07861600000000002
0.095,0.7771333333333333,0.026164536330102083,0.07861600000000002
0.1,0.8494666666666667,0.03276565688274996,0.08189600000000002
0.105,0.8518666666666667,0.0328689935827203,0.08206400000000001
0.11,0.8900666666666667,0.0353906074451352,0.08412800000000002
0.115,0.8900666666666667,0.0353906074451352,0.08412800000000002
0.12,0.8900666666666667,0.0353906074451352,0.08412800000000002
0.125,0.8900666666666667,0.0353906074451352,0.08412800000000002
0.13,0.8900666666666667,0.0353906074451352,0.08412800000000002
0.135,0.8954,0.03581267217630854,0.08436
0.14,0.8954333333333333,0.035811339016491084,0.08436400000000002
0.145,0.9012666666666667,0.0365041793032029,0.08446400000000004
0.15,0.9012666666666667,0.0365041793032029,0.08446400000000004
0.155,0.9012666666666667,0.0365041793032029,0.08446400000000004
0.16,0.9012666666666667,0.0365041793032029,0.08446400000000004
0.165,0.9012666666666667,0.0365041793032029,0.08446400000000004
0.17,0.9012666666666667,0.0365041793032029,0.08446400000000004
0.175,0.9012666666666667,0.0365041793032029,0.08446400000000004
0.18,0.9012666666666667,0.0365041793032029,0.08446400000000004
0.185,0.9012666666666667,0.0365041793032029,0.08446400000000004
0.19,0.9012666666666667,0.0365041793032029,0.08446400000000004
0.195,0.9086666666666666,0.03752751283932502,0.08448800000000001
0.2,0.9086666666666666,0.03752751283932502,0.08448800000000001
0.205,0.9086666666666666,0.03752751283932502,0.08448800000000001
0.21,0.9086666666666666,0.03752751283932502,0.08448800000000001
0.215,0.922,0.03987707881417209,0.08416800000000002
0.22,0.9220333333333334,0.03987563717869925,0.08417200000000002
0.225,0.9220333333333334,0.03987563717869925,0.08417200000000002
0.23,0.9220333333333334,0.03987563717869925,0.08417200000000002
0.235,0.9304666666666667,0.0415203840366841,0.08384000000000003
0.24,0.9304666666666667,0.0415203840366841,0.08384000000000003
0.245,0.9304666666666667,0.0415203840366841,0.08384000000000003
0.25,0.9304666666666667,0.0415203840366841,0.08384000000000003
0.255,0.9305,0.041518896650546304,0.08384400000000002
0.26,0.9305,0.041518896650546304,0.08384400000000002
0.265,0.9434333333333333,0.04497756421580751,0.08266000000000004
0.27,0.9436666666666667,0.045001766160367364,0.08266400000000003
0.275,0.9470333333333333,0.04586251803878779,0.08237200000000003
0.28,0.9470333333333333,0.04586251803878779,0.08237200000000003
0.285,0.9470333333333333,0.04586251803878779,0.08237200000000003
0.29,0.9470333333333333,0.04586251803878779,0.08237200000000003
0.295,0.9470333333333333,0.04586251803878779,0.08237200000000003
